,10,11,12,13,14,15,16,17,18,19,20,21,22,23,24,25,26,27,28,29,30,31,32,33,34,35,36,37,38,39,40,41,42,43,44,45,46,47,48,49,50,51,52,53,54,55,56,57,58,59,60,61,62,63,64,65,66,67,68,69,70,71,72,73,74,75,76
10,0.0,1.0,1.0,0.4031936127744511,0.4351297405189621,0.38922155688622756,0.3313373253493014,0.5409181636726547,0.4431137724550898,0.5469061876247505,0.14570858283433133,0.0,0.0,0.007984031936127744,0.011976047904191617,0.0,0.0,0.043912175648702596,0.005988023952095809,0.041916167664670656,0.2375249500998004,0.01996007984031936,0.03792415169660679,0.16367265469061876,0.001996007984031936,0.0,0.0,0.001996007984031936,0.033932135728542916,0.0,0.0,0.005988023952095809,0.0,0.0,0.0,0.0,0.0,0.0,0.0,0.0,0.0,0.0,0.0,0.0,0.0,0.0,0.0,0.0,0.0,0.0,0.0,0.0,0.0,0.0,0.0,0.0,0.0,0.0,0.0,0.0,0.0,0.0,0.0,0.0,0.0,0.0,0.0
11,1.0,0.0,1.0,1.0,0.9201596806387226,0.8562874251497006,0.8283433133732535,0.6806387225548902,0.11776447105788423,0.03592814371257485,0.0,0.0,0.0,0.0,0.0,0.0,0.0,0.0,0.0,0.0,0.029940119760479042,0.023952095808383235,0.03792415169660679,0.043912175648702596,0.00998003992015968,0.0,0.0,0.011976047904191617,0.0,0.0,0.0,0.0,0.0,0.0,0.0,0.0,0.0,0.0,0.0,0.0,0.0,0.0,0.0,0.0,0.0,0.0,0.0,0.0,0.0,0.0,0.0,0.0,0.0,0.0,0.0,0.0,0.0,0.0,0.0,0.0,0.0,0.0,0.0,0.0,0.0,0.0,0.0
12,1.0,1.0,0.0,1.0,1.0,0.9321357285429142,0.5748502994011976,0.6147704590818364,0.6227544910179641,0.5329341317365269,0.02594810379241517,0.0,0.0,0.0,0.01996007984031936,0.0,0.0,0.015968063872255488,0.0,0.08183632734530938,0.6606786427145709,0.1497005988023952,0.5189620758483033,0.7584830339321357,0.36726546906187624,0.0,0.0,0.1936127744510978,0.027944111776447105,0.0,0.0,0.00998003992015968,0.0,0.0,0.0,0.0,0.0,0.0,0.0,0.0,0.0,0.0,0.0,0.0,0.0,0.0,0.0,0.0,0.0,0.0,0.0,0.0,0.0,0.0,0.0,0.0,0.0,0.0,0.0,0.0,0.0,0.0,0.0,0.0,0.0,0.0,0.0
13,0.4031936127744511,1.0,1.0,0.0,1.0,1.0,0.18962075848303392,0.007984031936127744,0.05389221556886228,0.14570858283433133,0.0,0.0,0.0,0.0,0.0,0.0,0.0,0.05788423153692615,0.07385229540918163,0.07385229540918163,0.28542914171656686,0.39520958083832336,0.8942115768463074,0.7984031936127745,0.7005988023952096,0.10379241516966067,0.007984031936127744,0.6367265469061876,0.001996007984031936,0.0,0.0,0.005988023952095809,0.0,0.0,0.0,0.0,0.0,0.0,0.0,0.0,0.0,0.0,0.0,0.0,0.0,0.0,0.0,0.0,0.0,0.0,0.0,0.0,0.0,0.0,0.0,0.0,0.0,0.0,0.0,0.0,0.0,0.0,0.0,0.0,0.0,0.0,0.0
14,0.4351297405189621,0.9201596806387226,1.0,1.0,0.0,1.0,1.0,0.23952095808383234,0.001996007984031936,0.0,0.0,0.0,0.0,0.0,0.0,0.0,0.0,0.0,0.0,0.01996007984031936,0.08183632734530938,0.005988023952095809,0.13572854291417166,0.17564870259481039,0.1936127744510978,0.0,0.0,0.7045908183632734,0.0,0.0,0.001996007984031936,0.1277445109780439,0.0,0.0,0.0,0.0,0.0,0.0,0.0,0.0,0.0,0.0,0.0,0.0,0.0,0.0,0.0,0.0,0.0,0.0,0.0,0.0,0.0,0.0,0.0,0.0,0.0,0.0,0.0,0.0,0.0,0.0,0.0,0.0,0.0,0.0,0.0
15,0.38922155688622756,0.8562874251497006,0.9321357285429142,1.0,1.0,0.0,1.0,1.0,0.8922155688622755,0.027944111776447105,0.0,0.0,0.0,0.0,0.011976047904191617,0.0,0.0,0.0,0.0,0.0499001996007984,0.2055888223552894,0.059880239520958084,0.36726546906187624,0.9660678642714571,0.5848303393213573,0.017964071856287425,0.005988023952095809,0.7924151696606786,0.6107784431137725,0.013972055888223553,0.11177644710578842,0.844311377245509,0.001996007984031936,0.0,0.0,0.0,0.0,0.0,0.0,0.0,0.0,0.0,0.0,0.0,0.0,0.0,0.0,0.0,0.0,0.0,0.0,0.0,0.0,0.0,0.0,0.0,0.0,0.0,0.0,0.0,0.0,0.0,0.0,0.0,0.0,0.0,0.0
16,0.3313373253493014,0.8283433133732535,0.5748502994011976,0.18962075848303392,1.0,1.0,0.0,1.0,0.998003992015968,0.0,0.0,0.0,0.0,0.0,0.0,0.0,0.0,0.0,0.0,0.0,0.0,0.0,0.033932135728542916,0.021956087824351298,0.001996007984031936,0.0,0.0,0.15768463073852296,0.001996007984031936,0.0,0.00998003992015968,0.654690618762475,0.0,0.0,0.0,0.0,0.0,0.0,0.0,0.0,0.0,0.0,0.0,0.0,0.0,0.0,0.0,0.0,0.0,0.0,0.0,0.0,0.0,0.0,0.0,0.0,0.0,0.0,0.0,0.0,0.0,0.0,0.0,0.0,0.0,0.0,0.0
17,0.5409181636726547,0.6806387225548902,0.6147704590818364,0.007984031936127744,0.23952095808383234,1.0,1.0,0.0,1.0,1.0,0.01996007984031936,0.0,0.0,0.0,0.005988023952095809,0.0,0.0,0.0,0.0,0.001996007984031936,0.06986027944111776,0.001996007984031936,0.029940119760479042,0.08782435129740519,0.0,0.0,0.0,0.017964071856287425,0.02594810379241517,0.0,0.0,0.6467065868263473,0.0,0.0,0.0,0.0,0.0,0.0,0.0,0.0,0.0,0.0,0.0,0.0,0.0,0.0,0.0,0.0,0.0,0.0,0.0,0.0,0.0,0.0,0.0,0.0,0.0,0.0,0.0,0.0,0.0,0.0,0.0,0.0,0.0,0.0,0.0
18,0.4431137724550898,0.11776447105788423,0.6227544910179641,0.05389221556886228,0.001996007984031936,0.8922155688622755,0.998003992015968,1.0,0.0,1.0,1.0,0.08982035928143713,0.0,0.0,1.0,0.0,0.0,0.005988023952095809,0.0,0.4291417165668663,0.6706586826347305,0.0,0.02594810379241517,0.8682634730538922,0.017964071856287425,0.0,0.0,0.10179640718562874,0.8902195608782435,0.0,0.003992015968063872,0.9880239520958084,0.39520958083832336,0.005988023952095809,0.0,0.0,0.007984031936127744,0.0,0.0,0.0,0.0,0.0,0.0,0.0,0.0,0.0,0.0,0.0,0.0,0.0,0.0,0.0,0.0,0.0,0.0,0.0,0.0,0.0,0.0,0.0,0.0,0.0,0.0,0.0,0.0,0.0,0.0
19,0.5469061876247505,0.03592814371257485,0.5329341317365269,0.14570858283433133,0.0,0.027944111776447105,0.0,1.0,1.0,0.0,1.0,1.0,0.001996007984031936,0.9960079840319361,1.0,0.007984031936127744,0.001996007984031936,0.8363273453093812,0.45708582834331335,0.564870259481038,0.8822355289421158,0.017964071856287425,0.041916167664670656,0.24151696606786427,0.0,0.0,0.0,0.0,0.13373253493013973,0.0,0.0,0.17764471057884232,0.16766467065868262,0.0,0.0,0.0,0.001996007984031936,0.0,0.0,0.0,0.0,0.0,0.0,0.0,0.0,0.0,0.0,0.0,0.0,0.0,0.0,0.0,0.0,0.0,0.0,0.0,0.0,0.0,0.0,0.0,0.0,0.0,0.0,0.0,0.0,0.0,0.0
20,0.14570858283433133,0.0,0.02594810379241517,0.0,0.0,0.0,0.0,0.01996007984031936,1.0,1.0,0.0,1.0,1.0,1.0,1.0,0.9960079840319361,0.0,0.19560878243512975,0.0,0.0,0.0,0.0,0.0,0.0,0.0,0.0,0.0,0.0,0.001996007984031936,0.0,0.0,0.043912175648702596,0.09181636726546906,0.0,0.0,0.0,0.06187624750499002,0.0,0.0,0.0499001996007984,0.003992015968063872,0.0,0.0,0.0,0.0,0.0,0.0,0.0,0.0,0.0,0.0,0.0,0.0,0.0,0.0,0.0,0.0,0.0,0.0,0.0,0.0,0.0,0.0,0.0,0.0,0.0,0.0
21,0.0,0.0,0.0,0.0,0.0,0.0,0.0,0.0,0.08982035928143713,1.0,1.0,0.0,1.0,1.0,1.0,1.0,0.9920159680638723,0.0,0.0,0.00998003992015968,0.0,0.0,0.0,0.0,0.0,0.0,0.0,0.0,0.12574850299401197,0.0,0.0,0.46107784431137727,0.9760479041916168,0.5548902195608783,0.0,0.02594810379241517,0.9940119760479041,0.9161676646706587,0.013972055888223553,0.4431137724550898,0.9500998003992016,0.44510978043912175,0.0,0.0,0.0,0.01996007984031936,0.0,0.0,0.015968063872255488,0.0,0.0,0.0,0.0,0.0,0.0,0.0,0.0,0.0,0.0,0.0,0.001996007984031936,0.0,0.0,0.0,0.0,0.5868263473053892,0.0
22,0.0,0.0,0.0,0.0,0.0,0.0,0.0,0.0,0.0,0.001996007984031936,1.0,1.0,0.0,1.0,1.0,1.0,1.0,0.8223552894211577,0.0,0.0,0.0,0.0,0.0,0.0,0.0,0.0,0.0,0.0,0.0,0.0,0.0,0.0,0.005988023952095809,0.0,0.0,0.0,0.06187624750499002,0.0,0.0,0.15768463073852296,0.8003992015968064,0.13373253493013973,0.0,0.0,0.0,0.0,0.0,0.0,0.0,0.0,0.0,0.0,0.0,0.0,0.0,0.0,0.0,0.0,0.0,0.0,0.007984031936127744,0.0,0.0,0.02594810379241517,0.1596806387225549,0.9860279441117764,0.07385229540918163
23,0.007984031936127744,0.0,0.0,0.0,0.0,0.0,0.0,0.0,0.0,0.9960079840319361,1.0,1.0,1.0,0.0,1.0,1.0,1.0,1.0,0.007984031936127744,0.02594810379241517,0.007984031936127744,0.0,0.0,0.0,0.0,0.0,0.0,0.0,0.0,0.0,0.0,0.0,0.0,0.0,0.0,0.0,0.0,0.0,0.0,0.0,0.003992015968063872,0.0,0.0,0.0,0.0,0.0,0.0,0.0,0.0,0.0,0.0,0.0,0.0,0.0,0.0,0.0,0.0,0.0,0.0,0.0,0.0,0.0,0.0,0.0,0.0,0.624750499001996,0.02594810379241517
24,0.011976047904191617,0.0,0.01996007984031936,0.0,0.0,0.011976047904191617,0.0,0.005988023952095809,1.0,1.0,1.0,1.0,1.0,1.0,0.0,1.0,1.0,1.0,0.2834331337325349,0.9461077844311377,0.7325349301397206,0.0,0.0,0.500998003992016,0.0,0.0,0.0,0.007984031936127744,0.9960079840319361,0.005988023952095809,0.0,0.6407185628742516,1.0,0.031936127744510975,0.0,0.0,0.03792415169660679,0.1157684630738523,0.0,0.0,0.0,0.0,0.0,0.0,0.0,0.001996007984031936,0.0,0.0,0.01996007984031936,0.0,0.0,0.0,0.0,0.0,0.0,0.0,0.0,0.0,0.0,0.0,0.06786427145708583,0.0,0.0,0.0,0.0,0.0,0.0
25,0.0,0.0,0.0,0.0,0.0,0.0,0.0,0.0,0.0,0.007984031936127744,0.9960079840319361,1.0,1.0,1.0,1.0,0.0,1.0,1.0,0.027944111776447105,0.28542914171656686,0.0,0.0,0.0,0.0,0.0,0.0,0.0,0.0,0.18562874251497005,0.0,0.0,0.005988023952095809,0.6786427145708582,0.021956087824351298,0.0,0.0,0.31736526946107785,0.9421157684630739,0.0,0.00998003992015968,0.9341317365269461,0.9940119760479041,0.0,0.0,0.0,0.007984031936127744,0.0,0.0,0.7744510978043913,0.001996007984031936,0.0,0.0,0.0,0.0,0.0,0.0,0.003992015968063872,0.0,0.0,0.011976047904191617,0.9560878243512974,0.0,0.0,0.011976047904191617,0.017964071856287425,0.9840319361277445,0.33532934131736525
26,0.0,0.0,0.0,0.0,0.0,0.0,0.0,0.0,0.0,0.001996007984031936,0.0,0.9920159680638723,1.0,1.0,1.0,1.0,0.0,1.0,1.0,0.001996007984031936,0.0,0.0,0.0,0.0,0.0,0.0,0.0,0.0,0.0,0.0,0.0,0.0,0.0,0.0,0.0,0.0,0.0,0.007984031936127744,0.0,0.0,0.005988023952095809,0.041916167664670656,0.0,0.0,0.0,0.0,0.0,0.0,0.033932135728542916,0.0,0.0,0.0,0.0,0.0,0.0,0.0,0.0,0.00998003992015968,0.0,0.0,0.6846307385229541,0.0,0.0,0.0,0.37325349301397204,0.9920159680638723,0.9141716566866267
27,0.043912175648702596,0.0,0.015968063872255488,0.05788423153692615,0.0,0.0,0.0,0.0,0.005988023952095809,0.8363273453093812,0.19560878243512975,0.0,0.8223552894211577,1.0,1.0,1.0,1.0,0.0,1.0,1.0,0.5948103792415169,0.001996007984031936,0.0,0.0,0.0,0.0,0.0,0.0,0.011976047904191617,0.0,0.0,0.0,0.0,0.0,0.0,0.0,0.0,0.0,0.0,0.0,0.0,0.0,0.0,0.0,0.0,0.0,0.0,0.0,0.023952095808383235,0.0,0.0,0.0,0.0,0.0,0.0,0.0,0.001996007984031936,0.0,0.0,0.0,0.3153692614770459,0.0,0.0,0.0,0.01996007984031936,0.17165668662674652,0.33532934131736525
28,0.005988023952095809,0.0,0.0,0.07385229540918163,0.0,0.0,0.0,0.0,0.0,0.45708582834331335,0.0,0.0,0.0,0.007984031936127744,0.2834331337325349,0.027944111776447105,1.0,1.0,0.0,1.0,1.0,0.017964071856287425,0.0,0.0,0.0,0.0,0.0,0.0,0.00998003992015968,0.0,0.0,0.0,0.0,0.0,0.0,0.0,0.0,0.0,0.0,0.0,0.0,0.0,0.0,0.0,0.0,0.0,0.0,0.0,0.017964071856287425,0.001996007984031936,0.0,0.0,0.0,0.0,0.0,0.0,0.005988023952095809,0.007984031936127744,0.0,0.0,0.18363273453093812,0.0,0.0,0.0,0.0,0.001996007984031936,0.15768463073852296
29,0.041916167664670656,0.0,0.08183632734530938,0.07385229540918163,0.01996007984031936,0.0499001996007984,0.0,0.001996007984031936,0.4291417165668663,0.564870259481038,0.0,0.00998003992015968,0.0,0.02594810379241517,0.9461077844311377,0.28542914171656686,0.001996007984031936,1.0,1.0,0.0,1.0,1.0,0.003992015968063872,0.780439121756487,0.31137724550898205,0.5349301397205589,0.001996007984031936,0.06187624750499002,0.9461077844311377,0.001996007984031936,0.0,0.05189620758483034,0.2874251497005988,0.0,0.0,0.0,0.0,0.04790419161676647,0.0,0.0,0.0,0.001996007984031936,0.0,0.0,0.0,0.027944111776447105,0.0,0.0,0.031936127744510975,0.023952095808383235,0.0,0.0,0.0,0.001996007984031936,0.0,0.0,0.013972055888223553,0.001996007984031936,0.0,0.0,0.06986027944111776,0.0,0.0,0.0,0.0,0.0,0.001996007984031936
30,0.2375249500998004,0.029940119760479042,0.6606786427145709,0.28542914171656686,0.08183632734530938,0.2055888223552894,0.0,0.06986027944111776,0.6706586826347305,0.8822355289421158,0.0,0.0,0.0,0.007984031936127744,0.7325349301397206,0.0,0.0,0.5948103792415169,1.0,1.0,0.0,1.0,1.0,1.0,0.017964071856287425,0.011976047904191617,0.0,0.0,0.437125748502994,0.0,0.0,0.00998003992015968,0.013972055888223553,0.0,0.0,0.0,0.0,0.0,0.0,0.0,0.0,0.0,0.0,0.0,0.0,0.0,0.0,0.0,0.0,0.0,0.0,0.0,0.0,0.0,0.0,0.0,0.0,0.0,0.0,0.0,0.0,0.0,0.0,0.0,0.0,0.0,0.0
31,0.01996007984031936,0.023952095808383235,0.1497005988023952,0.39520958083832336,0.005988023952095809,0.059880239520958084,0.0,0.001996007984031936,0.0,0.017964071856287425,0.0,0.0,0.0,0.0,0.0,0.0,0.0,0.001996007984031936,0.017964071856287425,1.0,1.0,0.0,1.0,1.0,0.10379241516966067,0.04590818363273453,0.0,0.001996007984031936,0.03592814371257485,0.0,0.0,0.0,0.0,0.0,0.0,0.0,0.0,0.0,0.0,0.0,0.0,0.0,0.0,0.0,0.0,0.0,0.0,0.0,0.0,0.0,0.0,0.0,0.0,0.0,0.0,0.0,0.0,0.0,0.0,0.0,0.0,0.0,0.0,0.0,0.0,0.0,0.0
32,0.03792415169660679,0.03792415169660679,0.5189620758483033,0.8942115768463074,0.13572854291417166,0.36726546906187624,0.033932135728542916,0.029940119760479042,0.02594810379241517,0.041916167664670656,0.0,0.0,0.0,0.0,0.0,0.0,0.0,0.0,0.0,0.003992015968063872,1.0,1.0,0.0,1.0,1.0,0.00998003992015968,0.0,0.2155688622754491,0.003992015968063872,0.0,0.0,0.031936127744510975,0.0,0.0,0.0,0.0,0.0,0.0,0.0,0.0,0.0,0.0,0.0,0.0,0.0,0.0,0.0,0.0,0.0,0.0,0.0,0.0,0.0,0.0,0.0,0.0,0.0,0.0,0.0,0.0,0.0,0.0,0.0,0.0,0.0,0.0,0.0
33,0.16367265469061876,0.043912175648702596,0.7584830339321357,0.7984031936127745,0.17564870259481039,0.9660678642714571,0.021956087824351298,0.08782435129740519,0.8682634730538922,0.24151696606786427,0.0,0.0,0.0,0.0,0.500998003992016,0.0,0.0,0.0,0.0,0.780439121756487,1.0,1.0,1.0,0.0,1.0,1.0,0.001996007984031936,0.8662674650698603,0.9940119760479041,0.001996007984031936,0.00998003992015968,0.34530938123752497,0.001996007984031936,0.0,0.0,0.0,0.0,0.0,0.0,0.0,0.0,0.0,0.0,0.0,0.0,0.0,0.0,0.0,0.0,0.0,0.0,0.0,0.0,0.0,0.0,0.0,0.0,0.0,0.0,0.0,0.0,0.0,0.0,0.0,0.0,0.0,0.0
34,0.001996007984031936,0.00998003992015968,0.36726546906187624,0.7005988023952096,0.1936127744510978,0.5848303393213573,0.001996007984031936,0.0,0.017964071856287425,0.0,0.0,0.0,0.0,0.0,0.0,0.0,0.0,0.0,0.0,0.31137724550898205,0.017964071856287425,0.10379241516966067,1.0,1.0,0.0,1.0,1.0,1.0,1.0,0.7924151696606786,0.0,0.06187624750499002,0.0,0.0,0.0,0.0,0.0,0.0,0.0,0.0,0.0,0.0,0.0,0.0,0.0,0.0,0.0,0.0,0.0,0.0,0.0,0.0,0.0,0.0,0.0,0.0,0.0,0.0,0.0,0.0,0.0,0.0,0.0,0.0,0.0,0.0,0.0
35,0.0,0.0,0.0,0.10379241516966067,0.0,0.017964071856287425,0.0,0.0,0.0,0.0,0.0,0.0,0.0,0.0,0.0,0.0,0.0,0.0,0.0,0.5349301397205589,0.011976047904191617,0.04590818363273453,0.00998003992015968,1.0,1.0,0.0,1.0,1.0,1.0,0.9620758483033932,0.6147704590818364,0.0,0.08982035928143713,0.0,0.0,0.0,0.0,0.0,0.0,0.0,0.0,0.0,0.0,0.0,0.0,0.033932135728542916,0.0,0.0,0.0,0.001996007984031936,0.0,0.0,0.0,0.0,0.0,0.0,0.0,0.0,0.0,0.0,0.0,0.0,0.0,0.0,0.0,0.0,0.0
36,0.0,0.0,0.0,0.007984031936127744,0.0,0.005988023952095809,0.0,0.0,0.0,0.0,0.0,0.0,0.0,0.0,0.0,0.0,0.0,0.0,0.0,0.001996007984031936,0.0,0.0,0.0,0.001996007984031936,1.0,1.0,0.0,1.0,1.0,1.0,0.9401197604790419,0.49700598802395207,0.0,0.0,0.0,0.0,0.0,0.0,0.0,0.0,0.0,0.0,0.0,0.0,0.0,0.007984031936127744,0.0,0.0,0.0,0.0,0.0,0.0,0.0,0.0,0.0,0.0,0.0,0.0,0.0,0.0,0.0,0.0,0.0,0.0,0.0,0.0,0.0
37,0.001996007984031936,0.011976047904191617,0.1936127744510978,0.6367265469061876,0.7045908183632734,0.7924151696606786,0.15768463073852296,0.017964071856287425,0.10179640718562874,0.0,0.0,0.0,0.0,0.0,0.007984031936127744,0.0,0.0,0.0,0.0,0.06187624750499002,0.0,0.001996007984031936,0.2155688622754491,0.8662674650698603,1.0,1.0,1.0,0.0,1.0,1.0,1.0,1.0,0.5508982035928144,0.0,0.0,0.0,0.0,0.0,0.0,0.0,0.0,0.0,0.0,0.0,0.0,0.0,0.0,0.0,0.0,0.0,0.0,0.0,0.0,0.0,0.0,0.0,0.0,0.0,0.0,0.0,0.0,0.0,0.0,0.0,0.0,0.0,0.0
38,0.033932135728542916,0.0,0.027944111776447105,0.001996007984031936,0.0,0.6107784431137725,0.001996007984031936,0.02594810379241517,0.8902195608782435,0.13373253493013973,0.001996007984031936,0.12574850299401197,0.0,0.0,0.9960079840319361,0.18562874251497005,0.0,0.011976047904191617,0.00998003992015968,0.9461077844311377,0.437125748502994,0.03592814371257485,0.003992015968063872,0.9940119760479041,1.0,1.0,1.0,1.0,0.0,1.0,1.0,1.0,1.0,0.003992015968063872,0.0,0.0,0.0,0.06986027944111776,0.0,0.0,0.0,0.0,0.0,0.0,0.0,0.18163672654690619,0.0,0.0,0.0,0.0,0.0,0.0,0.0,0.0,0.0,0.0,0.0,0.0,0.0,0.0,0.0,0.0,0.0,0.0,0.0,0.0,0.0
39,0.0,0.0,0.0,0.0,0.0,0.013972055888223553,0.0,0.0,0.0,0.0,0.0,0.0,0.0,0.0,0.005988023952095809,0.0,0.0,0.0,0.0,0.001996007984031936,0.0,0.0,0.0,0.001996007984031936,0.7924151696606786,0.9620758483033932,1.0,1.0,1.0,0.0,1.0,1.0,1.0,0.6706586826347305,0.36726546906187624,0.0,0.0,0.31736526946107785,0.0,0.0,0.0,0.0,0.0,0.0,0.0,0.998003992015968,0.0,0.0,0.0,0.04790419161676647,0.0,0.0,0.0,0.0,0.0,0.0,0.0,0.0,0.0,0.0,0.0,0.0,0.0,0.0,0.0,0.0,0.0
40,0.0,0.0,0.0,0.0,0.001996007984031936,0.11177644710578842,0.00998003992015968,0.0,0.003992015968063872,0.0,0.0,0.0,0.0,0.0,0.0,0.0,0.0,0.0,0.0,0.0,0.0,0.0,0.0,0.00998003992015968,0.0,0.6147704590818364,0.9401197604790419,1.0,1.0,1.0,0.0,1.0,1.0,0.8203592814371258,0.0,0.0,0.001996007984031936,0.0,0.0,0.0,0.0,0.0,0.0,0.0,0.0,0.08383233532934131,0.0,0.0,0.0,0.0,0.0,0.0,0.0,0.0,0.0,0.0,0.0,0.0,0.0,0.0,0.0,0.0,0.0,0.0,0.0,0.0,0.0
41,0.005988023952095809,0.0,0.00998003992015968,0.005988023952095809,0.1277445109780439,0.844311377245509,0.654690618762475,0.6467065868263473,0.9880239520958084,0.17764471057884232,0.043912175648702596,0.46107784431137727,0.0,0.0,0.6407185628742516,0.005988023952095809,0.0,0.0,0.0,0.05189620758483034,0.00998003992015968,0.0,0.031936127744510975,0.34530938123752497,0.06187624750499002,0.0,0.49700598802395207,1.0,1.0,1.0,1.0,0.0,1.0,1.0,0.0,0.0,0.6806387225548902,0.05588822355289421,0.0,0.0,0.0,0.0,0.0,0.0,0.0,0.023952095808383235,0.0,0.0,0.0,0.0,0.0,0.0,0.0,0.0,0.0,0.0,0.0,0.0,0.0,0.0,0.0,0.0,0.0,0.0,0.0,0.0,0.0
42,0.0,0.0,0.0,0.0,0.0,0.001996007984031936,0.0,0.0,0.39520958083832336,0.16766467065868262,0.09181636726546906,0.9760479041916168,0.005988023952095809,0.0,1.0,0.6786427145708582,0.0,0.0,0.0,0.2874251497005988,0.013972055888223553,0.0,0.0,0.001996007984031936,0.0,0.08982035928143713,0.0,0.5508982035928144,1.0,1.0,1.0,1.0,0.0,1.0,1.0,0.0,0.7704590818363274,1.0,0.0,0.0,0.00998003992015968,0.0,0.0,0.0,0.0,0.9840319361277445,0.0,0.0,0.005988023952095809,0.0658682634730539,0.0,0.0,0.0,0.0,0.0,0.0,0.0,0.0,0.0,0.0,0.0,0.0,0.0,0.0,0.0,0.0,0.0
43,0.0,0.0,0.0,0.0,0.0,0.0,0.0,0.0,0.005988023952095809,0.0,0.0,0.5548902195608783,0.0,0.0,0.031936127744510975,0.021956087824351298,0.0,0.0,0.0,0.0,0.0,0.0,0.0,0.0,0.0,0.0,0.0,0.0,0.003992015968063872,0.6706586826347305,0.8203592814371258,1.0,1.0,0.0,1.0,1.0,1.0,1.0,0.718562874251497,0.001996007984031936,0.0,0.0,0.0,0.0,0.0,0.8842315369261478,0.0,0.0,0.0,0.0,0.0,0.0,0.0,0.0,0.0,0.0,0.0,0.0,0.0,0.0,0.0,0.0,0.0,0.0,0.0,0.0,0.0
44,0.0,0.0,0.0,0.0,0.0,0.0,0.0,0.0,0.0,0.0,0.0,0.0,0.0,0.0,0.0,0.0,0.0,0.0,0.0,0.0,0.0,0.0,0.0,0.0,0.0,0.0,0.0,0.0,0.0,0.36726546906187624,0.0,0.0,1.0,1.0,0.0,1.0,1.0,1.0,1.0,0.844311377245509,0.0,0.0,0.0,0.10379241516966067,0.7145708582834331,0.998003992015968,0.49101796407185627,0.0,0.0,0.0,0.0,0.0,0.0,0.0,0.0,0.0,0.0,0.0,0.0,0.0,0.0,0.0,0.0,0.0,0.0,0.0,0.0
45,0.0,0.0,0.0,0.0,0.0,0.0,0.0,0.0,0.0,0.0,0.0,0.02594810379241517,0.0,0.0,0.0,0.0,0.0,0.0,0.0,0.0,0.0,0.0,0.0,0.0,0.0,0.0,0.0,0.0,0.0,0.0,0.0,0.0,0.0,1.0,1.0,0.0,1.0,1.0,1.0,1.0,0.9580838323353293,0.0,0.0,0.0,0.2954091816367265,0.06387225548902195,0.0,0.0,0.0,0.0,0.0,0.0,0.0,0.0,0.0,0.0,0.0,0.0,0.0,0.0,0.0,0.0,0.0,0.0,0.0,0.0,0.0
46,0.0,0.0,0.0,0.0,0.0,0.0,0.0,0.0,0.007984031936127744,0.001996007984031936,0.06187624750499002,0.9940119760479041,0.06187624750499002,0.0,0.03792415169660679,0.31736526946107785,0.0,0.0,0.0,0.0,0.0,0.0,0.0,0.0,0.0,0.0,0.0,0.0,0.0,0.0,0.001996007984031936,0.6806387225548902,0.7704590818363274,1.0,1.0,1.0,0.0,1.0,1.0,1.0,1.0,0.9760479041916168,0.005988023952095809,0.0,0.0,0.023952095808383235,0.0,0.0,0.0,0.0,0.0,0.0,0.0,0.0,0.0,0.0,0.0,0.0,0.0,0.0,0.0,0.0,0.0,0.0,0.0,0.0,0.0
47,0.0,0.0,0.0,0.0,0.0,0.0,0.0,0.0,0.0,0.0,0.0,0.9161676646706587,0.0,0.0,0.1157684630738523,0.9421157684630739,0.007984031936127744,0.0,0.0,0.04790419161676647,0.0,0.0,0.0,0.0,0.0,0.0,0.0,0.0,0.06986027944111776,0.31736526946107785,0.0,0.05588822355289421,1.0,1.0,1.0,1.0,1.0,0.0,1.0,1.0,1.0,1.0,1.0,0.998003992015968,0.8343313373253493,1.0,0.0,0.003992015968063872,0.9720558882235529,0.3193612774451098,0.0,0.0,0.0,0.0,0.0,0.0,0.0,0.0,0.0,0.021956087824351298,0.06387225548902195,0.0,0.0,0.0,0.0,0.001996007984031936,0.0
48,0.0,0.0,0.0,0.0,0.0,0.0,0.0,0.0,0.0,0.0,0.0,0.013972055888223553,0.0,0.0,0.0,0.0,0.0,0.0,0.0,0.0,0.0,0.0,0.0,0.0,0.0,0.0,0.0,0.0,0.0,0.0,0.0,0.0,0.0,0.718562874251497,1.0,1.0,1.0,1.0,0.0,1.0,1.0,1.0,1.0,1.0,0.9940119760479041,0.872255489021956,0.0,0.023952095808383235,0.0,0.0,0.0,0.0,0.0,0.0,0.0,0.0,0.0,0.0,0.0,0.0,0.0,0.0,0.0,0.001996007984031936,0.0,0.0,0.0
49,0.0,0.0,0.0,0.0,0.0,0.0,0.0,0.0,0.0,0.0,0.0499001996007984,0.4431137724550898,0.15768463073852296,0.0,0.0,0.00998003992015968,0.0,0.0,0.0,0.0,0.0,0.0,0.0,0.0,0.0,0.0,0.0,0.0,0.0,0.0,0.0,0.0,0.0,0.001996007984031936,0.844311377245509,1.0,1.0,1.0,1.0,0.0,1.0,1.0,1.0,0.31137724550898205,0.0,0.0,0.0,0.0,0.0,0.0,0.0,0.0,0.0,0.0,0.0,0.0,0.0,0.0,0.0,0.0,0.0,0.0,0.0,0.21756487025948104,0.0,0.001996007984031936,0.0
50,0.0,0.0,0.0,0.0,0.0,0.0,0.0,0.0,0.0,0.0,0.003992015968063872,0.9500998003992016,0.8003992015968064,0.003992015968063872,0.0,0.9341317365269461,0.005988023952095809,0.0,0.0,0.0,0.0,0.0,0.0,0.0,0.0,0.0,0.0,0.0,0.0,0.0,0.0,0.0,0.00998003992015968,0.0,0.0,0.9580838323353293,1.0,1.0,1.0,1.0,0.0,1.0,1.0,0.08982035928143713,0.0,0.0,0.0,0.0,0.0,0.0,0.0,0.0,0.0,0.0,0.0,0.0,0.0,0.0,0.0,0.005988023952095809,0.001996007984031936,0.0,0.0,0.9181636726546906,0.0,0.9640718562874252,0.0
51,0.0,0.0,0.0,0.0,0.0,0.0,0.0,0.0,0.0,0.0,0.0,0.44510978043912175,0.13373253493013973,0.0,0.0,0.9940119760479041,0.041916167664670656,0.0,0.0,0.001996007984031936,0.0,0.0,0.0,0.0,0.0,0.0,0.0,0.0,0.0,0.0,0.0,0.0,0.0,0.0,0.0,0.0,0.9760479041916168,1.0,1.0,1.0,1.0,0.0,1.0,1.0,0.20958083832335328,0.3592814371257485,0.0,0.0,0.998003992015968,0.0,0.0,0.08183632734530938,0.0,0.0,0.0,0.0,0.2315369261477046,0.0,0.0,1.0,0.9820359281437125,0.0,0.001996007984031936,1.0,0.001996007984031936,1.0,0.0
52,0.0,0.0,0.0,0.0,0.0,0.0,0.0,0.0,0.0,0.0,0.0,0.0,0.0,0.0,0.0,0.0,0.0,0.0,0.0,0.0,0.0,0.0,0.0,0.0,0.0,0.0,0.0,0.0,0.0,0.0,0.0,0.0,0.0,0.0,0.0,0.0,0.005988023952095809,1.0,1.0,1.0,1.0,1.0,0.0,1.0,0.9960079840319361,0.0,0.0,0.007984031936127744,0.0,0.0,0.0,0.0,0.0,0.0,0.0,0.0,0.0,0.0,0.0,0.5948103792415169,0.0,0.0,0.0,1.0,0.0,0.01996007984031936,0.0
53,0.0,0.0,0.0,0.0,0.0,0.0,0.0,0.0,0.0,0.0,0.0,0.0,0.0,0.0,0.0,0.0,0.0,0.0,0.0,0.0,0.0,0.0,0.0,0.0,0.0,0.0,0.0,0.0,0.0,0.0,0.0,0.0,0.0,0.0,0.10379241516966067,0.0,0.0,0.998003992015968,1.0,0.31137724550898205,0.08982035928143713,1.0,1.0,0.0,1.0,1.0,0.0,1.0,1.0,0.007984031936127744,0.015968063872255488,1.0,0.0,0.0,0.0,0.1377245508982036,0.003992015968063872,0.0,0.0,1.0,0.0,0.0,0.0,0.27944111776447106,0.0,0.0,0.0
54,0.0,0.0,0.0,0.0,0.0,0.0,0.0,0.0,0.0,0.0,0.0,0.0,0.0,0.0,0.0,0.0,0.0,0.0,0.0,0.0,0.0,0.0,0.0,0.0,0.0,0.0,0.0,0.0,0.0,0.0,0.0,0.0,0.0,0.0,0.7145708582834331,0.2954091816367265,0.0,0.8343313373253493,0.9940119760479041,0.0,0.0,0.20958083832335328,0.9960079840319361,1.0,0.0,1.0,1.0,1.0,1.0,0.9820359281437125,0.0,0.0,0.0,0.0,0.0,0.0,0.0,0.0,0.0,0.0,0.0,0.0,0.0,0.0,0.0,0.0,0.0
55,0.0,0.0,0.0,0.0,0.0,0.0,0.0,0.0,0.0,0.0,0.0,0.01996007984031936,0.0,0.0,0.001996007984031936,0.007984031936127744,0.0,0.0,0.0,0.027944111776447105,0.0,0.0,0.0,0.0,0.0,0.033932135728542916,0.007984031936127744,0.0,0.18163672654690619,0.998003992015968,0.08383233532934131,0.023952095808383235,0.9840319361277445,0.8842315369261478,0.998003992015968,0.06387225548902195,0.023952095808383235,1.0,0.872255489021956,0.0,0.0,0.3592814371257485,0.0,1.0,1.0,0.0,1.0,1.0,1.0,1.0,0.9720558882235529,0.0,0.0,0.0,0.0,0.0,0.0,0.0,0.0,0.0,0.0,0.0,0.0,0.0,0.0,0.0,0.0
56,0.0,0.0,0.0,0.0,0.0,0.0,0.0,0.0,0.0,0.0,0.0,0.0,0.0,0.0,0.0,0.0,0.0,0.0,0.0,0.0,0.0,0.0,0.0,0.0,0.0,0.0,0.0,0.0,0.0,0.0,0.0,0.0,0.0,0.0,0.49101796407185627,0.0,0.0,0.0,0.0,0.0,0.0,0.0,0.0,0.0,1.0,1.0,0.0,1.0,1.0,1.0,1.0,0.564870259481038,0.0,0.0,0.0,0.0,0.0,0.0,0.0,0.0,0.0,0.0,0.0,0.0,0.0,0.0,0.0
57,0.0,0.0,0.0,0.0,0.0,0.0,0.0,0.0,0.0,0.0,0.0,0.0,0.0,0.0,0.0,0.0,0.0,0.0,0.0,0.0,0.0,0.0,0.0,0.0,0.0,0.0,0.0,0.0,0.0,0.0,0.0,0.0,0.0,0.0,0.0,0.0,0.0,0.003992015968063872,0.023952095808383235,0.0,0.0,0.0,0.007984031936127744,1.0,1.0,1.0,1.0,0.0,1.0,1.0,1.0,1.0,0.0,0.0,0.0,0.0,0.00998003992015968,0.0,0.0,0.001996007984031936,0.0,0.0,0.0,0.0,0.0,0.0,0.0
58,0.0,0.0,0.0,0.0,0.0,0.0,0.0,0.0,0.0,0.0,0.0,0.015968063872255488,0.0,0.0,0.01996007984031936,0.7744510978043913,0.033932135728542916,0.023952095808383235,0.017964071856287425,0.031936127744510975,0.0,0.0,0.0,0.0,0.0,0.0,0.0,0.0,0.0,0.0,0.0,0.0,0.005988023952095809,0.0,0.0,0.0,0.0,0.9720558882235529,0.0,0.0,0.0,0.998003992015968,0.0,1.0,1.0,1.0,1.0,1.0,0.0,1.0,1.0,1.0,0.0,0.0,0.0,0.17964071856287425,1.0,0.21357285429141717,0.0,1.0,1.0,0.0,0.0,0.007984031936127744,0.0,0.07385229540918163,0.0
59,0.0,0.0,0.0,0.0,0.0,0.0,0.0,0.0,0.0,0.0,0.0,0.0,0.0,0.0,0.0,0.001996007984031936,0.0,0.0,0.001996007984031936,0.023952095808383235,0.0,0.0,0.0,0.0,0.0,0.001996007984031936,0.0,0.0,0.0,0.04790419161676647,0.0,0.0,0.0658682634730539,0.0,0.0,0.0,0.0,0.3193612774451098,0.0,0.0,0.0,0.0,0.0,0.007984031936127744,0.9820359281437125,1.0,1.0,1.0,1.0,0.0,1.0,1.0,0.007984031936127744,0.0,0.0,0.0,0.9920159680638723,0.0,0.0,0.0,0.0,0.0,0.0,0.0,0.0,0.0,0.0
60,0.0,0.0,0.0,0.0,0.0,0.0,0.0,0.0,0.0,0.0,0.0,0.0,0.0,0.0,0.0,0.0,0.0,0.0,0.0,0.0,0.0,0.0,0.0,0.0,0.0,0.0,0.0,0.0,0.0,0.0,0.0,0.0,0.0,0.0,0.0,0.0,0.0,0.0,0.0,0.0,0.0,0.0,0.0,0.015968063872255488,0.0,0.9720558882235529,1.0,1.0,1.0,1.0,0.0,1.0,1.0,0.0,0.0,0.001996007984031936,0.7864271457085829,0.0,0.0,0.0,0.0,0.0,0.0,0.0,0.0,0.0,0.0
61,0.0,0.0,0.0,0.0,0.0,0.0,0.0,0.0,0.0,0.0,0.0,0.0,0.0,0.0,0.0,0.0,0.0,0.0,0.0,0.0,0.0,0.0,0.0,0.0,0.0,0.0,0.0,0.0,0.0,0.0,0.0,0.0,0.0,0.0,0.0,0.0,0.0,0.0,0.0,0.0,0.0,0.08183632734530938,0.0,1.0,0.0,0.0,0.564870259481038,1.0,1.0,1.0,1.0,0.0,1.0,1.0,0.0,1.0,1.0,0.0,0.011976047904191617,1.0,0.0,0.0,0.0,0.0,0.0,0.0,0.0
62,0.0,0.0,0.0,0.0,0.0,0.0,0.0,0.0,0.0,0.0,0.0,0.0,0.0,0.0,0.0,0.0,0.0,0.0,0.0,0.0,0.0,0.0,0.0,0.0,0.0,0.0,0.0,0.0,0.0,0.0,0.0,0.0,0.0,0.0,0.0,0.0,0.0,0.0,0.0,0.0,0.0,0.0,0.0,0.0,0.0,0.0,0.0,0.0,0.0,0.007984031936127744,1.0,1.0,0.0,1.0,1.0,1.0,1.0,0.8942115768463074,0.0,0.0,0.0,0.0,0.0,0.0,0.0,0.0,0.0
63,0.0,0.0,0.0,0.0,0.0,0.0,0.0,0.0,0.0,0.0,0.0,0.0,0.0,0.0,0.0,0.0,0.0,0.0,0.0,0.001996007984031936,0.0,0.0,0.0,0.0,0.0,0.0,0.0,0.0,0.0,0.0,0.0,0.0,0.0,0.0,0.0,0.0,0.0,0.0,0.0,0.0,0.0,0.0,0.0,0.0,0.0,0.0,0.0,0.0,0.0,0.0,0.0,1.0,1.0,0.0,1.0,1.0,1.0,1.0,0.8962075848303394,0.0,0.017964071856287425,0.0,0.0,0.0,0.0,0.0,0.0
64,0.0,0.0,0.0,0.0,0.0,0.0,0.0,0.0,0.0,0.0,0.0,0.0,0.0,0.0,0.0,0.0,0.0,0.0,0.0,0.0,0.0,0.0,0.0,0.0,0.0,0.0,0.0,0.0,0.0,0.0,0.0,0.0,0.0,0.0,0.0,0.0,0.0,0.0,0.0,0.0,0.0,0.0,0.0,0.0,0.0,0.0,0.0,0.0,0.0,0.0,0.0,0.0,1.0,1.0,0.0,1.0,1.0,1.0,1.0,0.9441117764471058,0.0,0.0998003992015968,0.0,0.0,0.0,0.0,0.001996007984031936
65,0.0,0.0,0.0,0.0,0.0,0.0,0.0,0.0,0.0,0.0,0.0,0.0,0.0,0.0,0.0,0.0,0.0,0.0,0.0,0.0,0.0,0.0,0.0,0.0,0.0,0.0,0.0,0.0,0.0,0.0,0.0,0.0,0.0,0.0,0.0,0.0,0.0,0.0,0.0,0.0,0.0,0.0,0.0,0.1377245508982036,0.0,0.0,0.0,0.0,0.17964071856287425,0.0,0.001996007984031936,1.0,1.0,1.0,1.0,0.0,1.0,1.0,1.0,1.0,0.9880239520958084,0.0,0.003992015968063872,0.0,0.0,0.0,0.0
66,0.0,0.0,0.0,0.0,0.0,0.0,0.0,0.0,0.0,0.0,0.0,0.0,0.0,0.0,0.0,0.003992015968063872,0.0,0.001996007984031936,0.005988023952095809,0.013972055888223553,0.0,0.0,0.0,0.0,0.0,0.0,0.0,0.0,0.0,0.0,0.0,0.0,0.0,0.0,0.0,0.0,0.0,0.0,0.0,0.0,0.0,0.2315369261477046,0.0,0.003992015968063872,0.0,0.0,0.0,0.00998003992015968,1.0,0.9920159680638723,0.7864271457085829,1.0,1.0,1.0,1.0,1.0,0.0,1.0,1.0,1.0,1.0,0.93812375249501,0.0,0.0,0.0,0.0,0.09181636726546906
67,0.0,0.0,0.0,0.0,0.0,0.0,0.0,0.0,0.0,0.0,0.0,0.0,0.0,0.0,0.0,0.0,0.00998003992015968,0.0,0.007984031936127744,0.001996007984031936,0.0,0.0,0.0,0.0,0.0,0.0,0.0,0.0,0.0,0.0,0.0,0.0,0.0,0.0,0.0,0.0,0.0,0.0,0.0,0.0,0.0,0.0,0.0,0.0,0.0,0.0,0.0,0.0,0.21357285429141717,0.0,0.0,0.0,0.8942115768463074,1.0,1.0,1.0,1.0,0.0,1.0,1.0,1.0,1.0,0.9720558882235529,0.0,0.0,0.0,0.9960079840319361
68,0.0,0.0,0.0,0.0,0.0,0.0,0.0,0.0,0.0,0.0,0.0,0.0,0.0,0.0,0.0,0.0,0.0,0.0,0.0,0.0,0.0,0.0,0.0,0.0,0.0,0.0,0.0,0.0,0.0,0.0,0.0,0.0,0.0,0.0,0.0,0.0,0.0,0.0,0.0,0.0,0.0,0.0,0.0,0.0,0.0,0.0,0.0,0.0,0.0,0.0,0.0,0.011976047904191617,0.0,0.8962075848303394,1.0,1.0,1.0,1.0,0.0,1.0,1.0,1.0,1.0,0.9580838323353293,0.0,0.0,0.14770459081836326
69,0.0,0.0,0.0,0.0,0.0,0.0,0.0,0.0,0.0,0.0,0.0,0.0,0.0,0.0,0.0,0.011976047904191617,0.0,0.0,0.0,0.0,0.0,0.0,0.0,0.0,0.0,0.0,0.0,0.0,0.0,0.0,0.0,0.0,0.0,0.0,0.0,0.0,0.0,0.021956087824351298,0.0,0.0,0.005988023952095809,1.0,0.5948103792415169,1.0,0.0,0.0,0.0,0.001996007984031936,1.0,0.0,0.0,1.0,0.0,0.0,0.9441117764471058,1.0,1.0,1.0,1.0,0.0,1.0,1.0,1.0,1.0,0.9161676646706587,0.7704590818363274,0.0
70,0.0,0.0,0.0,0.0,0.0,0.0,0.0,0.0,0.0,0.0,0.0,0.001996007984031936,0.007984031936127744,0.0,0.06786427145708583,0.9560878243512974,0.6846307385229541,0.3153692614770459,0.18363273453093812,0.06986027944111776,0.0,0.0,0.0,0.0,0.0,0.0,0.0,0.0,0.0,0.0,0.0,0.0,0.0,0.0,0.0,0.0,0.0,0.06387225548902195,0.0,0.0,0.001996007984031936,0.9820359281437125,0.0,0.0,0.0,0.0,0.0,0.0,1.0,0.0,0.0,0.0,0.0,0.017964071856287425,0.0,0.9880239520958084,1.0,1.0,1.0,1.0,0.0,1.0,1.0,1.0,1.0,1.0,1.0
71,0.0,0.0,0.0,0.0,0.0,0.0,0.0,0.0,0.0,0.0,0.0,0.0,0.0,0.0,0.0,0.0,0.0,0.0,0.0,0.0,0.0,0.0,0.0,0.0,0.0,0.0,0.0,0.0,0.0,0.0,0.0,0.0,0.0,0.0,0.0,0.0,0.0,0.0,0.0,0.0,0.0,0.0,0.0,0.0,0.0,0.0,0.0,0.0,0.0,0.0,0.0,0.0,0.0,0.0,0.0998003992015968,0.0,0.93812375249501,1.0,1.0,1.0,1.0,0.0,1.0,1.0,1.0,0.998003992015968,1.0
72,0.0,0.0,0.0,0.0,0.0,0.0,0.0,0.0,0.0,0.0,0.0,0.0,0.0,0.0,0.0,0.0,0.0,0.0,0.0,0.0,0.0,0.0,0.0,0.0,0.0,0.0,0.0,0.0,0.0,0.0,0.0,0.0,0.0,0.0,0.0,0.0,0.0,0.0,0.0,0.0,0.0,0.001996007984031936,0.0,0.0,0.0,0.0,0.0,0.0,0.0,0.0,0.0,0.0,0.0,0.0,0.0,0.003992015968063872,0.0,0.9720558882235529,1.0,1.0,1.0,1.0,0.0,1.0,1.0,0.499001996007984,0.007984031936127744
73,0.0,0.0,0.0,0.0,0.0,0.0,0.0,0.0,0.0,0.0,0.0,0.0,0.02594810379241517,0.0,0.0,0.011976047904191617,0.0,0.0,0.0,0.0,0.0,0.0,0.0,0.0,0.0,0.0,0.0,0.0,0.0,0.0,0.0,0.0,0.0,0.0,0.0,0.0,0.0,0.0,0.001996007984031936,0.21756487025948104,0.9181636726546906,1.0,1.0,0.27944111776447106,0.0,0.0,0.0,0.0,0.007984031936127744,0.0,0.0,0.0,0.0,0.0,0.0,0.0,0.0,0.0,0.9580838323353293,1.0,1.0,1.0,1.0,0.0,1.0,1.0,0.13572854291417166
74,0.0,0.0,0.0,0.0,0.0,0.0,0.0,0.0,0.0,0.0,0.0,0.0,0.1596806387225549,0.0,0.0,0.017964071856287425,0.37325349301397204,0.01996007984031936,0.0,0.0,0.0,0.0,0.0,0.0,0.0,0.0,0.0,0.0,0.0,0.0,0.0,0.0,0.0,0.0,0.0,0.0,0.0,0.0,0.0,0.0,0.0,0.001996007984031936,0.0,0.0,0.0,0.0,0.0,0.0,0.0,0.0,0.0,0.0,0.0,0.0,0.0,0.0,0.0,0.0,0.0,0.9161676646706587,1.0,1.0,1.0,1.0,0.0,1.0,1.0
75,0.0,0.0,0.0,0.0,0.0,0.0,0.0,0.0,0.0,0.0,0.0,0.5868263473053892,0.9860279441117764,0.624750499001996,0.0,0.9840319361277445,0.9920159680638723,0.17165668662674652,0.001996007984031936,0.0,0.0,0.0,0.0,0.0,0.0,0.0,0.0,0.0,0.0,0.0,0.0,0.0,0.0,0.0,0.0,0.0,0.0,0.001996007984031936,0.0,0.001996007984031936,0.9640718562874252,1.0,0.01996007984031936,0.0,0.0,0.0,0.0,0.0,0.07385229540918163,0.0,0.0,0.0,0.0,0.0,0.0,0.0,0.0,0.0,0.0,0.7704590818363274,1.0,0.998003992015968,0.499001996007984,1.0,1.0,0.0,1.0
76,0.0,0.0,0.0,0.0,0.0,0.0,0.0,0.0,0.0,0.0,0.0,0.0,0.07385229540918163,0.02594810379241517,0.0,0.33532934131736525,0.9141716566866267,0.33532934131736525,0.15768463073852296,0.001996007984031936,0.0,0.0,0.0,0.0,0.0,0.0,0.0,0.0,0.0,0.0,0.0,0.0,0.0,0.0,0.0,0.0,0.0,0.0,0.0,0.0,0.0,0.0,0.0,0.0,0.0,0.0,0.0,0.0,0.0,0.0,0.0,0.0,0.0,0.0,0.001996007984031936,0.0,0.09181636726546906,0.9960079840319361,0.14770459081836326,0.0,1.0,1.0,0.007984031936127744,0.13572854291417166,1.0,1.0,0.0
